{"vegas": {"1": {"1": {"delay": 10.112, "loss": 5.348657593917672e-05, "tput": 7.523738962564575}, "all": {"delay": 10.112, "loss": 5.348657593917672e-05, "tput": 7.523738962564575}}}, "bbr": {"1": {"1": {"delay": 28.594, "loss": 0.0007797064778014562, "tput": 11.847674717459759}, "all": {"delay": 28.594, "loss": 0.0007797064778014562, "tput": 11.847674717459759}}}, "cubic": {"1": {"1": {"delay": 855.837, "loss": 0.03336121021204208, "tput": 11.95106213186574}, "all": {"delay": 855.837, "loss": 0.03336121021204208, "tput": 11.95106213186574}}}}